creator_id,username,category,follower_tier,followers,following,total_posts,avg_likes,avg_comments,avg_engagement_rate,sponsored_post_rate,is_verified,bio_has_email,account_age_days
CR00001,creator_1,Business,micro,33239,768,24,1449,65,4.44,0.358,True,True,3501
CR00002,creator_2,Photography,mega,5285981,949855,53,44967,3161,0.89,0.131,False,False,447
CR00003,creator_3,Beauty,mid,250351,61774,45,5084,136,2.52,0.028,False,True,1127
CR00004,creator_4,Beauty,micro,29187,1062,79,660,48,2.4,0.172,False,True,3917
CR00005,creator_5,Music,nano,4752,378,24,270,6,6.11,0.555,False,True,3619
CR00006,creator_6,Gaming,nano,5354,589,48,307,14,5.92,0.169,False,True,3250
CR00007,creator_7,Gaming,nano,5326,338,75,181,11,4.03,0.06,False,True,1090
CR00008,creator_8,Photography,macro,622637,70172,66,8040,504,1.66,0.197,True,True,2019
CR00009,creator_9,Travel,mid,260004,58807,60,3982,164,1.82,0.169,False,True,2837
CR00010,creator_10,Lifestyle,mid,212381,7536,41,4716,161,2.52,0.175,False,True,1525
CR00011,creator_11,Travel,nano,5580,980,49,197,15,5.05,0.081,False,False,2738
CR00012,creator_12,Fashion,mega,5853262,685281,56,53237,1986,1.03,0.271,True,True,2038
CR00013,creator_13,Health,mid,229563,14360,79,4182,297,2.49,0.246,True,False,3330
CR00014,creator_14,Fitness,nano,4588,954,78,111,7,3.24,0.252,False,False,3212
CR00015,creator_15,Health,nano,3137,158,58,152,5,6.74,0.133,False,False,2400
CR00016,creator_16,Photography,nano,6523,1080,41,403,8,6.71,0.103,False,True,3360
CR00017,creator_17,Fitness,micro,44136,12566,46,1031,64,2.69,0.237,False,False,3370
CR00018,creator_18,Travel,micro,46993,1890,61,1218,26,2.77,0.078,False,False,2157
CR00019,creator_19,Gaming,micro,50000,7057,45,794,35,2.16,0.345,False,True,1567
CR00020,creator_20,Business,nano,3729,639,47,138,7,4.24,0.294,False,True,1748
CR00021,creator_21,Business,mid,500000,63110,35,6766,288,1.52,0.125,False,True,2285
CR00022,creator_22,Beauty,nano,2476,387,47,95,2,4.67,0.552,False,True,3665
CR00023,creator_23,Photography,nano,6391,222,73,264,20,4.19,0.064,False,True,3817
CR00024,creator_24,Photography,micro,27339,2013,42,835,35,3.93,0.384,False,False,957
CR00025,creator_25,Parenting,micro,29663,454,28,1187,52,4.4,0.433,False,True,1744
CR00026,creator_26,Food,mid,283444,43463,76,4013,113,2.01,0.368,False,False,3393
CR00027,creator_27,Music,nano,6170,913,30,143,10,3.23,0.018,False,False,2481
CR00028,creator_28,Fashion,micro,41152,5337,53,981,54,2.81,0.066,False,False,389
CR00029,creator_29,Art,micro,37096,9761,36,1427,110,4.08,0.186,False,False,2115
CR00030,creator_30,Photography,nano,5139,756,66,338,25,6.62,0.223,False,True,3955
CR00031,creator_31,Beauty,mid,314430,66635,33,5887,345,2.19,0.177,False,False,728
CR00032,creator_32,Fashion,nano,5012,559,21,283,16,5.86,0.262,False,True,609
CR00033,creator_33,Fashion,nano,10000,904,33,336,8,4.36,0.096,False,True,763
CR00034,creator_34,Photography,macro,937563,27044,65,15943,1258,1.94,0.266,False,False,1698
CR00035,creator_35,Lifestyle,mega,5998435,327693,42,72167,4170,1.28,0.202,False,True,3556
CR00036,creator_36,Pets,mid,140200,40519,78,1396,74,1.11,0.099,True,False,1337
CR00037,creator_37,Parenting,micro,30933,7939,32,968,50,3.49,0.274,False,False,727
CR00038,creator_38,Music,nano,6050,208,49,176,7,3.95,0.148,False,False,724
CR00039,creator_39,Health,mid,356184,100371,53,5905,271,2.35,0.465,False,True,1095
CR00040,creator_40,Health,micro,34754,8627,55,1179,92,3.42,0.207,False,False,2871
CR00041,creator_41,Business,nano,8327,1663,48,510,26,6.42,0.064,False,False,3160
CR00042,creator_42,Parenting,micro,17238,940,35,583,41,4.17,0.136,False,True,2611
CR00043,creator_43,Health,nano,4759,726,26,244,4,6.13,0.276,False,False,481
CR00044,creator_44,Pets,macro,500000,19904,64,7112,266,1.62,0.351,False,True,1698
CR00045,creator_45,Beauty,nano,7089,1716,49,371,27,6.09,0.089,False,True,1693
CR00046,creator_46,Art,mid,292932,69516,78,4813,194,1.75,0.243,False,True,1238
CR00047,creator_47,Fitness,micro,50000,2844,55,1598,125,4.17,0.223,True,False,913
CR00048,creator_48,Health,micro,21388,462,43,468,21,2.22,0.345,False,False,2832
CR00049,creator_49,Tech,micro,19334,1515,73,482,26,3.19,0.108,False,True,842
CR00050,creator_50,Art,nano,4662,1357,58,300,16,7.86,0.161,False,False,2411
CR00051,creator_51,Music,mega,6052764,1092441,29,32108,969,0.73,0.48,False,True,3298
CR00052,creator_52,Art,mid,354566,16101,33,9212,203,3.01,0.278,False,False,3249
CR00053,creator_53,Photography,macro,761779,83315,69,6823,526,1.28,0.166,False,True,2026
CR00054,creator_54,Lifestyle,macro,1000000,80802,53,8765,268,0.91,0.08,False,False,952
CR00055,creator_55,Health,micro,31822,8314,45,1142,67,4.39,0.095,False,False,3001
CR00056,creator_56,Business,macro,625637,120598,30,7791,359,1.33,0.107,False,False,3240
CR00057,creator_57,Photography,nano,3685,942,29,186,11,5.74,0.113,False,False,1029
CR00058,creator_58,Beauty,nano,3625,99,40,195,9,5.9,0.043,False,True,2190
CR00059,creator_59,Art,nano,6186,999,55,204,7,3.83,0.066,False,False,1427
CR00060,creator_60,Tech,micro,50000,13320,64,1748,74,3.7,0.197,False,True,374
CR00061,creator_61,Photography,micro,35310,1886,38,1016,37,3.08,0.181,False,True,1949
CR00062,creator_62,Photography,nano,6651,1450,76,209,9,4.08,0.286,False,False,1064
CR00063,creator_63,Travel,mid,449666,62188,22,6014,442,1.84,0.06,False,False,2840
CR00064,creator_64,Lifestyle,micro,32179,5569,57,910,38,3.95,0.049,False,True,2699
CR00065,creator_65,Art,nano,9233,145,39,503,30,6.77,0.016,False,False,2733
CR00066,creator_66,Lifestyle,micro,30684,8644,55,520,12,2.27,0.401,False,True,1568
CR00067,creator_67,Pets,nano,3689,758,61,161,11,4.4,0.009,False,False,3503
CR00068,creator_68,Travel,mid,225054,13661,21,2813,213,1.43,0.165,False,True,1413
CR00069,creator_69,Business,nano,5026,1291,51,275,21,6.33,0.249,True,True,3566
CR00070,creator_70,Business,mega,4115634,115503,42,54500,2062,1.49,0.271,True,False,3197
CR00071,creator_71,Beauty,mid,251144,58541,54,2662,194,1.43,0.133,True,True,2817
CR00072,creator_72,Beauty,nano,4668,179,36,190,4,5.68,0.394,False,True,1952
CR00073,creator_73,Music,nano,10000,321,60,394,28,4.22,0.263,False,False,2644
CR00074,creator_74,Parenting,mid,500000,108866,63,12501,329,2.59,0.124,True,True,3076
CR00075,creator_75,Travel,mid,282529,8455,47,5186,309,1.97,0.144,False,True,2780
CR00076,creator_76,Gaming,mid,329939,49802,69,4248,206,1.3,0.349,False,True,3724
CR00077,creator_77,Gaming,mid,199670,13431,77,2995,158,1.85,0.239,False,False,2534
CR00078,creator_78,Parenting,nano,6025,1698,42,402,21,7.23,0.199,False,True,2953
CR00079,creator_79,Art,micro,20331,5352,52,425,22,2.28,0.027,False,False,1499
CR00080,creator_80,Music,nano,5851,1388,40,370,14,7.06,0.102,False,True,3014
CR00081,creator_81,Travel,macro,857013,168468,74,11623,336,1.7,0.549,False,True,3590
CR00082,creator_82,Travel,mid,179695,31013,48,3759,272,2.55,0.033,False,False,958
CR00083,creator_83,Parenting,micro,24405,1110,57,404,27,2.07,0.281,False,True,1195
CR00084,creator_84,Travel,nano,6351,1146,34,360,11,6.68,0.063,False,True,2462
CR00085,creator_85,Photography,micro,41588,6215,61,1346,102,4.1,0.114,False,False,2768
CR00086,creator_86,Art,micro,29753,8117,44,1021,76,4.19,0.495,False,True,3618
CR00087,creator_87,Photography,mid,210405,16552,76,2526,187,1.67,0.087,False,True,1860
CR00088,creator_88,Beauty,mid,339506,37806,56,4165,264,1.65,0.166,True,True,1259
CR00089,creator_89,Beauty,macro,742023,111720,58,8701,457,1.43,0.137,True,False,3548
CR00090,creator_90,Lifestyle,micro,28245,2987,70,899,42,3.38,0.199,False,True,2788
CR00091,creator_91,Parenting,nano,4327,667,21,156,10,3.63,0.215,False,False,3013
CR00092,creator_92,Gaming,mid,215457,12528,74,2759,160,1.47,0.383,False,True,647
CR00093,creator_93,Food,mid,378336,91952,56,4704,325,1.35,0.542,False,False,939
CR00094,creator_94,Photography,micro,21843,5406,23,587,15,2.97,0.222,False,False,3813
CR00095,creator_95,Fitness,mid,328883,16829,67,6810,350,2.15,0.245,False,True,1702
CR00096,creator_96,Fashion,micro,21296,661,21,662,40,4.21,0.393,False,True,806
CR00097,creator_97,Health,micro,22180,6057,36,600,44,2.92,0.224,False,False,1742
CR00098,creator_98,Travel,micro,17988,4112,33,461,20,3.64,0.297,False,True,3763
CR00099,creator_99,Food,nano,7431,234,49,393,10,6.14,0.608,False,False,405
CR00100,creator_100,Gaming,nano,6444,1924,35,208,11,3.24,0.318,False,True,1713
CR00101,creator_101,Beauty,nano,4315,249,64,226,12,5.44,0.154,False,False,1938
CR00102,creator_102,Lifestyle,mid,266078,51589,63,3968,310,1.59,0.165,True,True,2301
CR00103,creator_103,Fitness,micro,30970,754,64,638,36,2.72,0.096,False,False,3277
CR00104,creator_104,Health,micro,50000,13176,68,1726,119,4.41,0.083,False,False,1271
CR00105,creator_105,Art,macro,665367,18139,45,11342,428,1.89,0.13,False,False,1712
CR00106,creator_106,Travel,nano,5747,660,70,274,12,4.92,0.251,False,True,574
CR00107,creator_107,Beauty,micro,27407,6696,54,814,36,4.22,0.153,False,True,1796
CR00108,creator_108,Tech,mid,218364,60230,49,5145,368,2.73,0.375,False,True,2972
CR00109,creator_109,Fashion,nano,5372,211,48,243,7,5.63,0.097,False,True,1828
CR00110,creator_110,Parenting,nano,4736,267,64,373,19,7.94,0.136,False,False,1275
CR00111,creator_111,Beauty,nano,3958,232,32,269,21,7.18,0.175,False,False,3311
CR00112,creator_112,Art,nano,6196,1187,23,215,15,4.51,0.471,False,True,2685
CR00113,creator_113,Food,macro,572176,81795,38,8085,425,1.68,0.206,True,False,1875
CR00114,creator_114,Fashion,mid,439370,40807,63,7309,371,1.69,0.323,False,False,763
CR00115,creator_115,Pets,mid,343571,28947,64,10332,562,3.24,0.271,True,False,2089
CR00116,creator_116,Lifestyle,macro,590958,169994,40,8242,477,1.63,0.366,True,False,2676
CR00117,creator_117,Fashion,mid,395262,6760,59,12601,715,3.34,0.072,False,True,1274
CR00118,creator_118,Beauty,nano,7368,1498,61,375,18,7.04,0.272,False,False,3887
CR00119,creator_119,Food,macro,961904,173047,44,11533,518,1.57,0.157,False,True,524
CR00120,creator_120,Health,micro,40540,10090,42,1176,33,3.39,0.067,False,True,3997
CR00121,creator_121,Food,mid,227901,22988,47,2589,64,1.16,0.272,False,False,2553
CR00122,creator_122,Tech,macro,586572,154795,46,8010,346,1.61,0.183,True,True,887
CR00123,creator_123,Food,micro,30808,333,60,606,26,2.32,0.186,False,True,3153
CR00124,creator_124,Parenting,nano,4282,959,42,272,18,7.11,0.034,False,False,3585
CR00125,creator_125,Lifestyle,nano,4961,1070,72,250,9,5.9,0.402,False,True,751
CR00126,creator_126,Travel,micro,28395,8320,20,726,31,3.59,0.37,False,True,2087
CR00127,creator_127,Tech,mid,174052,35840,35,2562,108,1.83,0.046,False,False,3395
CR00128,creator_128,Gaming,macro,1000000,283390,32,11416,641,1.16,0.099,False,False,798
CR00129,creator_129,Gaming,nano,7076,1732,30,455,24,6.88,0.285,False,True,3874
CR00130,creator_130,Photography,micro,40342,1295,57,629,28,2.19,0.17,False,False,2622
CR00131,creator_131,Parenting,micro,18417,3583,52,356,8,2.54,0.01,False,True,3526
CR00132,creator_132,Lifestyle,nano,3496,1015,78,140,9,5.29,0.247,False,False,2890
CR00133,creator_133,Parenting,nano,8843,657,63,541,38,6.59,0.268,False,False,2868
CR00134,creator_134,Lifestyle,micro,25001,907,70,657,49,3.21,0.575,True,True,3795
CR00135,creator_135,Photography,macro,1000000,20445,20,9081,643,1.1,0.241,True,False,2137
CR00136,creator_136,Business,micro,26892,7201,26,799,58,3.69,0.032,False,True,2965
CR00137,creator_137,Music,micro,25553,3688,22,949,47,3.78,0.077,True,True,3289
CR00138,creator_138,Fitness,mid,338269,44841,23,5108,118,1.57,0.356,False,True,2949
CR00139,creator_139,Lifestyle,micro,23220,2043,68,571,31,3.01,0.055,False,True,3916
CR00140,creator_140,Food,mega,4727433,1148861,44,49834,3331,1.21,0.071,True,True,873
CR00141,creator_141,Fitness,mega,4845052,277525,67,52699,3471,1.48,0.261,False,False,2302
CR00142,creator_142,Beauty,nano,6721,904,78,172,5,3.08,0.415,False,True,1364
CR00143,creator_143,Travel,micro,34771,6112,41,984,38,3.19,0.152,False,False,1598
CR00144,creator_144,Food,micro,37819,4281,52,758,43,2.49,0.318,False,True,1090
CR00145,creator_145,Health,nano,4831,1421,48,219,14,4.87,0.217,False,True,2429
CR00146,creator_146,Travel,nano,4127,796,31,119,4,3.52,0.244,False,False,518
CR00147,creator_147,Travel,mid,221461,22310,72,2809,149,1.74,0.143,False,False,777
CR00148,creator_148,Fitness,micro,40662,4953,41,922,29,2.35,0.032,False,True,447
CR00149,creator_149,Beauty,nano,5321,723,71,353,13,7.2,0.247,False,True,1636
CR00150,creator_150,Tech,nano,7046,1285,51,221,16,4.15,0.164,False,True,1726
CR00151,creator_151,Parenting,macro,871293,76645,65,13369,501,1.54,0.225,True,False,1013
CR00152,creator_152,Lifestyle,nano,6921,1644,79,182,8,3.18,0.256,False,True,3650
CR00153,creator_153,Beauty,nano,4471,933,40,200,15,5.46,0.142,False,True,560
CR00154,creator_154,Music,micro,33222,3930,74,1049,70,3.33,0.295,False,True,3293
CR00155,creator_155,Fashion,mega,5133605,318198,49,48543,2316,1.18,0.137,True,True,2307
CR00156,creator_156,Health,nano,6125,1188,36,235,5,5.15,0.429,False,True,1622
CR00157,creator_157,Parenting,mid,179735,10746,52,2837,127,1.59,0.154,False,True,3170
CR00158,creator_158,Business,mid,309097,72380,45,8327,237,3.36,0.079,False,False,893
CR00159,creator_159,Lifestyle,nano,6236,578,20,288,15,5.04,0.305,False,True,1023
CR00160,creator_160,Parenting,mid,304233,60241,21,4642,171,2.17,0.504,True,True,2969
CR00161,creator_161,Photography,micro,23949,4628,46,821,51,3.83,0.153,False,True,1436
CR00162,creator_162,Tech,mid,301406,20056,54,6695,438,2.46,0.215,False,False,2813
CR00163,creator_163,Art,mid,333136,86561,73,8785,553,3.13,0.079,False,False,759
CR00164,creator_164,Beauty,micro,33352,5447,57,734,33,2.23,0.409,False,True,1287
CR00165,creator_165,Travel,nano,3479,707,52,204,13,6.31,0.23,False,False,2087
CR00166,creator_166,Parenting,mid,171971,51473,57,2785,152,2.09,0.394,False,True,2665
CR00167,creator_167,Food,micro,31590,5003,33,1105,23,4.55,0.235,True,False,1073
CR00168,creator_168,Photography,nano,7681,838,44,507,14,7.32,0.352,False,True,3999
CR00169,creator_169,Business,nano,5025,989,37,331,20,7.31,0.003,False,True,1282
CR00170,creator_170,Lifestyle,micro,36485,8859,65,1246,58,3.91,0.169,False,True,3620
CR00171,creator_171,Travel,mid,392298,71816,49,7936,360,2.85,0.32,False,False,1316
CR00172,creator_172,Travel,nano,6657,713,50,202,12,3.98,0.153,False,False,1309
CR00173,creator_173,Photography,micro,37343,2171,29,1147,41,3.66,0.154,False,True,2307
CR00174,creator_174,Tech,nano,2569,141,32,145,5,6.99,0.124,False,True,3811
CR00175,creator_175,Art,mid,354990,32572,36,8194,403,2.95,0.371,False,True,1477
CR00176,creator_176,Pets,nano,5821,1310,51,252,13,5.87,0.115,False,True,1599
CR00177,creator_177,Parenting,mid,216227,27418,56,4506,347,2.75,0.212,False,False,3257
CR00178,creator_178,Art,micro,50000,2573,35,1026,45,2.42,0.236,False,False,751
CR00179,creator_179,Pets,macro,684461,17466,58,10406,753,1.99,0.225,True,True,3344
CR00180,creator_180,Business,nano,8285,1910,78,431,24,5.29,0.225,False,True,1086
CR00181,creator_181,Health,micro,50000,2289,59,1190,48,3.13,0.215,False,True,2213
CR00182,creator_182,Gaming,nano,10000,1201,64,415,19,5.19,0.269,False,True,503
CR00183,creator_183,Lifestyle,macro,1000000,18730,70,12972,274,1.8,0.343,False,False,2239
CR00184,creator_184,Lifestyle,macro,937835,193806,23,9513,695,1.03,0.278,False,True,3112
CR00185,creator_185,Parenting,nano,4588,640,57,234,11,5.21,0.217,False,True,2922
CR00186,creator_186,Parenting,mid,300752,65553,35,7444,487,2.62,0.102,False,True,504
CR00187,creator_187,Gaming,mid,253591,24594,40,3590,248,1.48,0.412,False,True,3201
CR00188,creator_188,Tech,micro,32531,5613,47,925,70,3.17,0.137,False,True,567
CR00189,creator_189,Gaming,micro,28915,1735,59,950,63,3.39,0.167,False,True,1833
CR00190,creator_190,Parenting,nano,10000,1765,71,340,7,4.23,0.208,False,False,1814
CR00191,creator_191,Music,nano,6256,1529,67,251,17,5.39,0.261,False,True,2141
CR00192,creator_192,Tech,macro,885006,94086,24,12284,269,1.62,0.099,False,False,3315
CR00193,creator_193,Travel,macro,561860,22869,63,4533,346,0.89,0.256,True,True,3238
CR00194,creator_194,Art,mid,416015,119751,45,6238,183,1.54,0.042,False,False,3940
CR00195,creator_195,Food,micro,15246,2070,62,360,23,2.86,0.102,False,True,821
CR00196,creator_196,Photography,micro,26831,3696,23,911,56,3.72,0.131,False,True,3171
CR00197,creator_197,Fitness,mid,281125,36901,71,3533,159,1.3,0.206,False,False,1381
CR00198,creator_198,Beauty,macro,688924,90725,40,4298,146,0.86,0.162,True,True,605
CR00199,creator_199,Music,macro,609513,81415,27,7056,441,1.48,0.25,False,False,617
CR00200,creator_200,Lifestyle,mid,145271,33431,49,1418,102,1.22,0.133,False,True,3867
CR00201,creator_201,Lifestyle,mid,189718,37191,51,4423,196,2.9,0.123,False,False,1755
CR00202,creator_202,Gaming,nano,4249,869,69,141,7,4.49,0.082,False,True,2198
CR00203,creator_203,Pets,nano,5921,1166,21,167,8,3.59,0.537,False,True,3524
CR00204,creator_204,Art,macro,801720,37301,72,5157,304,0.85,0.294,False,False,2905
CR00205,creator_205,Beauty,mid,244186,48629,57,6869,314,3.22,0.265,False,False,1625
CR00206,creator_206,Parenting,nano,7588,460,29,180,3,3.22,0.295,False,False,1466
CR00207,creator_207,Food,nano,9758,2507,37,350,8,4.99,0.23,False,False,3051
CR00208,creator_208,Business,mid,329555,68725,23,6952,229,2.7,0.224,False,False,2729
CR00209,creator_209,Beauty,nano,4011,868,42,150,11,4.71,0.239,False,True,2602
CR00210,creator_210,Lifestyle,nano,7813,478,46,547,43,7.79,0.211,False,True,2466
CR00211,creator_211,Pets,micro,24915,1176,39,988,48,4.99,0.049,False,False,2009
CR00212,creator_212,Gaming,mid,347587,56251,72,3361,156,1.23,0.145,False,True,3513
CR00213,creator_213,Pets,mid,221458,41624,61,1821,41,1.14,0.429,False,False,1831
CR00214,creator_214,Business,nano,4459,523,73,312,12,7.71,0.308,False,False,3934
CR00215,creator_215,Travel,mid,319195,41590,47,4654,110,1.94,0.129,False,False,2988
CR00216,creator_216,Music,nano,2788,159,69,124,6,5.28,0.115,False,True,1094
CR00217,creator_217,Parenting,micro,26915,7128,78,538,28,2.13,0.187,False,False,3467
CR00218,creator_218,Photography,mid,219175,57815,55,5067,379,2.47,0.188,False,True,946
CR00219,creator_219,Health,mid,266964,3668,56,5232,255,2.17,0.172,False,False,3553
CR00220,creator_220,Food,mid,499814,120923,50,12134,850,2.5,0.086,False,False,2546
CR00221,creator_221,Tech,mid,395153,94222,74,3610,119,1.04,0.135,False,False,3687
CR00222,creator_222,Lifestyle,micro,25114,3934,48,510,36,2.49,0.152,False,True,3452
CR00223,creator_223,Pets,nano,4912,1248,41,267,18,5.83,0.394,False,True,2424
CR00224,creator_224,Health,micro,37966,7568,37,673,35,2.18,0.24,False,True,1637
CR00225,creator_225,Health,nano,4420,653,39,130,3,3.49,0.276,False,True,1502
CR00226,creator_226,Parenting,nano,8539,1006,74,505,22,7.22,0.39,False,True,3562
CR00227,creator_227,Business,mega,7046041,394815,41,65430,3540,1.05,0.286,False,False,2132
CR00228,creator_228,Business,micro,27878,837,52,712,38,2.91,0.1,False,True,1523
CR00229,creator_229,Pets,macro,555003,102007,64,6880,349,1.63,0.074,False,True,1886
CR00230,creator_230,Food,mid,353413,69341,37,5343,136,1.8,0.21,False,True,3562
CR00231,creator_231,Lifestyle,mid,249192,33999,38,6048,328,2.49,0.156,False,False,3506
CR00232,creator_232,Travel,micro,24135,382,23,490,27,2.52,0.15,False,False,2659
CR00233,creator_233,Business,micro,35960,369,27,1457,54,4.42,0.037,False,True,1552
CR00234,creator_234,Tech,micro,50000,10529,40,1893,129,4.27,0.134,False,True,573
CR00235,creator_235,Fitness,nano,4457,721,73,138,6,3.91,0.437,False,False,3797
CR00236,creator_236,Fitness,mid,411249,108525,73,5610,416,1.46,0.141,False,False,3591
CR00237,creator_237,Health,nano,3937,241,43,217,10,6.93,0.133,True,True,1052
CR00238,creator_238,Gaming,nano,7866,201,27,529,29,6.76,0.052,False,True,3666
CR00239,creator_239,Pets,mid,246299,9991,36,6885,348,3.05,0.351,False,False,3689
CR00240,creator_240,Beauty,nano,4351,1193,22,234,8,6.06,0.131,False,True,443
CR00241,creator_241,Pets,macro,832430,110243,33,8147,366,1.33,0.24,False,True,2718
CR00242,creator_242,Lifestyle,mega,4080122,536216,24,26574,1879,0.82,0.451,True,True,3024
CR00243,creator_243,Fashion,macro,714987,161421,52,11170,845,1.7,0.055,False,True,3875
CR00244,creator_244,Tech,micro,43686,9996,53,1312,28,3.33,0.131,False,True,2906
CR00245,creator_245,Pets,nano,6011,450,70,246,8,4.99,0.054,False,True,823
CR00246,creator_246,Fashion,macro,746427,22732,34,5172,312,0.87,0.269,False,True,1184
CR00247,creator_247,Art,micro,23002,5697,45,450,22,2.36,0.371,False,True,3763
CR00248,creator_248,Beauty,mega,7548955,954446,25,71900,3609,1.2,0.11,False,True,3533
CR00249,creator_249,Pets,mega,4136130,971237,46,32076,2283,0.85,0.125,True,False,2243
CR00250,creator_250,Gaming,macro,592840,100819,51,7762,301,1.64,0.352,True,True,1579
CR00251,creator_251,Health,nano,6234,809,65,371,11,6.29,0.044,False,True,3948
CR00252,creator_252,Parenting,micro,21503,2133,43,627,33,3.83,0.322,False,True,2780
CR00253,creator_253,Music,macro,703023,30456,67,8059,255,1.33,0.423,True,True,3812
CR00254,creator_254,Travel,micro,39893,10921,65,935,57,2.77,0.245,False,False,541
CR00255,creator_255,Travel,nano,2304,36,65,103,5,4.56,0.117,False,True,3636
CR00256,creator_256,Tech,micro,24013,6493,39,519,11,2.56,0.347,False,False,2116
CR00257,creator_257,Music,macro,884099,249516,42,11542,398,1.31,0.09,False,False,1900
CR00258,creator_258,Art,mid,280002,73416,72,3123,177,1.17,0.163,True,False,807
CR00259,creator_259,Gaming,micro,29224,8162,36,734,23,2.82,0.379,False,True,3939
CR00260,creator_260,Health,nano,6078,1770,58,323,15,5.64,0.223,False,False,1469
CR00261,creator_261,Art,mid,197569,46346,30,3046,157,1.82,0.275,False,True,1116
CR00262,creator_262,Fashion,mega,3313460,345052,63,30470,2138,1.0,0.123,True,True,434
CR00263,creator_263,Gaming,nano,4727,837,61,240,16,6.07,0.278,False,True,544
CR00264,creator_264,Food,micro,16941,4516,69,439,20,3.64,0.104,False,True,541
CR00265,creator_265,Travel,macro,1000000,278146,49,14516,887,1.52,0.393,True,True,421
CR00266,creator_266,Pets,mid,189809,23590,47,2148,45,1.55,0.176,False,True,3587
CR00267,creator_267,Music,mid,347915,71724,65,6423,233,2.02,0.102,False,True,2241
CR00268,creator_268,Fashion,mid,189836,2381,42,6592,214,3.49,0.108,False,True,2765
CR00269,creator_269,Food,micro,34204,3075,58,1227,38,3.62,0.176,False,False,1588
CR00270,creator_270,Travel,nano,4245,710,55,177,7,4.21,0.03,False,True,2362
CR00271,creator_271,Art,mid,309510,55451,20,5026,187,2.11,0.182,False,True,925
CR00272,creator_272,Parenting,mid,383032,55690,50,8476,189,2.46,0.11,False,True,1849
CR00273,creator_273,Lifestyle,macro,500000,132273,69,5727,411,1.26,0.102,True,False,3520
CR00274,creator_274,Travel,macro,500000,54738,63,4715,369,1.03,0.221,False,True,595
CR00275,creator_275,Parenting,micro,22450,400,33,559,43,3.38,0.236,False,True,2234
CR00276,creator_276,Tech,micro,43430,3948,35,1724,98,4.96,0.231,False,False,1775
CR00277,creator_277,Business,mid,198285,16859,64,3267,127,2.12,0.123,False,False,2921
CR00278,creator_278,Tech,mid,278778,71774,26,5687,439,2.12,0.34,False,False,2357
CR00279,creator_279,Beauty,mid,248676,26860,54,3507,232,1.74,0.181,False,True,2521
CR00280,creator_280,Photography,mid,164293,19368,68,3413,202,2.28,0.17,True,True,2923
CR00281,creator_281,Health,macro,1000000,87363,39,12223,901,1.52,0.291,True,True,3747
CR00282,creator_282,Lifestyle,micro,28834,5985,21,789,40,2.95,0.113,False,False,867
CR00283,creator_283,Beauty,micro,30415,8045,69,586,12,2.02,0.173,False,False,1440
CR00284,creator_284,Parenting,nano,5354,467,54,209,15,4.07,0.09,False,False,3760
CR00285,creator_285,Art,micro,21609,5917,66,766,50,3.91,0.222,False,True,2213
CR00286,creator_286,Business,nano,6015,965,45,265,9,6.31,0.281,False,True,1203
CR00287,creator_287,Tech,micro,33882,1458,42,1311,94,3.96,0.13,False,False,413
CR00288,creator_288,Food,micro,35720,1426,29,1157,57,3.38,0.221,False,True,2926
CR00289,creator_289,Photography,nano,2699,765,45,75,4,3.53,0.474,False,False,2566
CR00290,creator_290,Tech,micro,24931,7302,48,925,33,3.72,0.248,False,False,702
CR00291,creator_291,Pets,nano,5565,1321,63,256,17,5.7,0.289,False,True,3088
CR00292,creator_292,Health,nano,5917,1183,45,314,20,5.63,0.061,False,False,1312
CR00293,creator_293,Gaming,mid,274618,4735,72,5958,206,2.25,0.313,False,True,3738
CR00294,creator_294,Business,micro,23532,4144,64,654,47,3.03,0.299,False,True,1461
CR00295,creator_295,Music,nano,5398,856,65,187,5,4.3,0.2,False,True,2418
CR00296,creator_296,Art,micro,45099,888,43,1567,78,3.85,0.411,False,True,410
CR00297,creator_297,Parenting,mid,222872,24900,35,4185,312,2.21,0.232,False,True,1968
CR00298,creator_298,Music,nano,5053,1012,58,189,13,5.24,0.138,False,True,2032
CR00299,creator_299,Travel,mid,487977,108700,77,7879,207,2.17,0.247,False,True,2480
CR00300,creator_300,Food,nano,4165,1239,66,242,5,7.62,0.307,False,False,602
CR00301,creator_301,Photography,nano,9856,2786,31,396,17,4.13,0.187,False,True,1821
CR00302,creator_302,Health,micro,31492,7831,61,558,21,2.2,0.186,False,False,3038
CR00303,creator_303,Lifestyle,micro,22926,1131,52,783,35,4.73,0.204,False,False,1420
CR00304,creator_304,Business,mid,355803,88255,22,3962,160,1.53,0.039,False,True,1173
CR00305,creator_305,Music,mid,401655,38945,44,6517,198,1.76,0.379,True,False,3844
CR00306,creator_306,Beauty,mega,5500163,862166,37,38811,2895,0.91,0.13,True,False,3712
CR00307,creator_307,Photography,micro,39769,3502,61,684,34,2.06,0.388,False,True,888
CR00308,creator_308,Pets,micro,34206,7306,42,1090,65,3.32,0.207,False,True,1117
CR00309,creator_309,Music,mid,351062,67806,77,7113,235,2.8,0.174,False,True,819
CR00310,creator_310,Gaming,nano,5283,602,32,148,6,3.75,0.197,False,False,3646
CR00311,creator_311,Business,micro,20569,1470,35,759,16,4.33,0.183,False,True,1192
CR00312,creator_312,Fitness,nano,4458,1003,57,144,2,4.03,0.108,False,True,3938
CR00313,creator_313,Art,nano,4083,1047,78,236,17,6.85,0.063,False,False,975
CR00314,creator_314,Fitness,mega,6569956,1207649,42,58404,1324,0.9,0.374,True,False,705
CR00315,creator_315,Gaming,mid,268404,8358,24,5732,299,2.26,0.067,False,True,3099
CR00316,creator_316,Travel,mid,299953,41926,31,7352,186,2.84,0.086,True,True,3102
CR00317,creator_317,Lifestyle,micro,31671,6749,37,773,50,3.07,0.076,False,True,797
CR00318,creator_318,Beauty,nano,2830,781,58,114,8,4.79,0.11,False,False,2958
CR00319,creator_319,Music,nano,5731,649,68,201,9,4.67,0.18,False,False,2640
CR00320,creator_320,Lifestyle,nano,4283,891,52,194,12,5.49,0.167,False,False,3979
CR00321,creator_321,Music,micro,50000,13763,73,1789,137,4.72,0.064,False,True,2228
CR00322,creator_322,Tech,mid,356881,23750,31,3073,116,1.01,0.099,False,False,2656
CR00323,creator_323,Parenting,mid,329121,62953,30,8487,546,2.59,0.103,False,False,3896
CR00324,creator_324,Lifestyle,nano,6479,830,51,303,22,5.53,0.158,False,True,2046
CR00325,creator_325,Lifestyle,mega,4444151,194370,31,31615,2306,1.01,0.161,False,True,1341
CR00326,creator_326,Lifestyle,mid,257273,69273,63,2877,99,1.5,0.133,False,True,2528
CR00327,creator_327,Music,micro,34819,4049,23,934,57,2.78,0.386,False,True,1102
CR00328,creator_328,Music,mid,193422,56460,26,2020,87,1.12,0.035,False,True,1236
CR00329,creator_329,Music,micro,28437,4109,60,1131,50,4.68,0.267,False,True,2004
CR00330,creator_330,Fitness,nano,5083,1437,60,154,4,3.19,0.101,False,False,1737
CR00331,creator_331,Pets,micro,39074,6836,64,1407,73,3.77,0.341,False,True,2710
CR00332,creator_332,Art,mid,195681,46101,53,3174,197,1.8,0.177,False,True,1607
CR00333,creator_333,Health,nano,8504,293,28,235,8,3.07,0.091,False,False,2041
CR00334,creator_334,Gaming,nano,2929,381,73,76,5,3.41,0.329,False,False,1144
CR00335,creator_335,Tech,nano,5232,1501,52,173,13,4.24,0.264,False,True,1763
CR00336,creator_336,Pets,nano,5405,382,61,193,4,4.2,0.088,False,False,1419
CR00337,creator_337,Fitness,macro,708719,94804,57,5531,263,1.01,0.208,False,False,1677
CR00338,creator_338,Business,mid,273791,77428,35,7527,584,3.14,0.051,True,True,3768
CR00339,creator_339,Tech,micro,21428,2620,77,472,23,2.38,0.459,False,True,3168
CR00340,creator_340,Gaming,nano,5841,1699,73,426,30,7.41,0.185,False,True,3490
CR00341,creator_341,Parenting,micro,26415,7029,22,429,24,2.15,0.357,False,True,876
CR00342,creator_342,Lifestyle,micro,30522,1428,66,1376,72,4.8,0.154,False,True,2911
CR00343,creator_343,Photography,nano,5576,773,31,231,14,5.03,0.22,False,True,2291
CR00344,creator_344,Pets,micro,36890,9414,32,649,34,2.24,0.121,False,True,1516
CR00345,creator_345,Travel,micro,31267,1038,35,1012,68,4.24,0.237,False,False,3733
CR00346,creator_346,Food,mid,349390,48285,28,7044,360,2.52,0.065,False,True,704
CR00347,creator_347,Health,mid,500000,32540,72,4932,381,1.06,0.283,False,True,1506
CR00348,creator_348,Health,nano,3722,578,47,211,7,5.81,0.443,False,True,2553
CR00349,creator_349,Health,micro,28016,6837,62,625,41,3.15,0.208,False,True,2775
CR00350,creator_350,Gaming,mid,352461,24057,25,8064,178,2.95,0.406,False,True,1330
CR00351,creator_351,Tech,micro,50000,13649,50,1045,72,2.52,0.039,False,True,3112
CR00352,creator_352,Photography,macro,843504,113355,29,11366,840,1.64,0.063,False,True,3251
CR00353,creator_353,Tech,mid,215318,6102,31,3587,87,2.1,0.098,True,False,3076
CR00354,creator_354,Fitness,nano,4666,1127,77,272,16,7.37,0.056,False,True,2966
CR00355,creator_355,Health,nano,5976,1004,46,283,5,6.7,0.256,False,False,3888
CR00356,creator_356,Lifestyle,mid,261395,44282,26,2936,135,1.55,0.062,False,True,3112
CR00357,creator_357,Gaming,nano,6139,1832,43,190,13,4.12,0.264,False,True,2383
CR00358,creator_358,Gaming,micro,18510,1715,28,406,30,2.91,0.138,False,False,378
CR00359,creator_359,Travel,macro,645925,116629,35,6586,196,1.14,0.118,True,True,641
CR00360,creator_360,Beauty,micro,16469,4757,39,626,25,4.62,0.202,False,True,3805
CR00361,creator_361,Pets,micro,16672,228,27,589,45,3.74,0.095,False,True,3729
CR00362,creator_362,Music,mid,279434,26288,21,8362,275,3.02,0.157,False,True,3352
CR00363,creator_363,Food,micro,30453,938,37,1128,62,4.71,0.213,False,False,509
CR00364,creator_364,Tech,micro,38957,3947,38,990,73,3.52,0.446,False,True,1977
CR00365,creator_365,Gaming,macro,621624,64206,73,6335,195,1.21,0.077,False,False,1207
CR00366,creator_366,Fashion,micro,29450,7629,61,1007,68,3.53,0.501,False,False,1624
CR00367,creator_367,Food,mega,10000000,2741419,39,70869,1664,0.98,0.147,True,True,3352
CR00368,creator_368,Gaming,macro,711417,99065,57,10270,598,1.59,0.29,True,False,2990
CR00369,creator_369,Travel,nano,5569,1271,43,220,8,5.49,0.162,False,True,1391
CR00370,creator_370,Lifestyle,nano,7423,1904,34,377,29,6.21,0.103,False,True,1110
CR00371,creator_371,Pets,nano,4443,435,43,217,8,6.01,0.264,False,True,636
CR00372,creator_372,Pets,nano,7406,865,68,467,34,7.01,0.112,False,True,635
CR00373,creator_373,Music,nano,3856,437,42,163,9,5.67,0.317,False,False,3838
CR00374,creator_374,Music,mid,262078,43486,64,3992,232,1.96,0.54,False,False,2181
CR00375,creator_375,Fashion,nano,6845,1042,78,355,9,5.53,0.139,False,False,378
CR00376,creator_376,Pets,micro,15883,248,53,285,6,2.05,0.329,False,True,2505
CR00377,creator_377,Tech,mid,350110,66307,32,7058,313,2.59,0.476,False,True,3368
CR00378,creator_378,Pets,nano,8966,1816,59,363,26,5.26,0.199,False,False,3080
CR00379,creator_379,Parenting,mid,205230,33836,58,3288,130,2.02,0.163,False,True,1610
CR00380,creator_380,Lifestyle,nano,3730,547,28,232,16,6.76,0.131,False,True,1551
CR00381,creator_381,Fitness,nano,6871,1525,73,307,23,6.13,0.154,False,False,3346
CR00382,creator_382,Art,mid,468039,69296,62,4139,307,1.13,0.042,False,False,856
CR00383,creator_383,Travel,mid,224823,9619,66,5966,449,3.45,0.159,False,False,3676
CR00384,creator_384,Music,macro,791523,95867,68,14755,368,1.94,0.398,False,True,2405
CR00385,creator_385,Food,mid,220386,64068,46,6319,481,3.14,0.228,False,False,2013
CR00386,creator_386,Art,mid,266475,11919,33,2207,136,1.12,0.18,False,True,1362
CR00387,creator_387,Gaming,nano,5080,1498,41,162,5,3.28,0.035,False,False,2871
CR00388,creator_388,Health,nano,6520,1719,77,163,12,3.0,0.083,False,True,621
CR00389,creator_389,Food,mid,278573,75153,68,2391,120,1.13,0.249,False,True,798
CR00390,creator_390,Art,mid,232531,37835,62,3483,123,2.08,0.354,False,True,594
CR00391,creator_391,Pets,mega,4153760,708492,29,27011,854,0.9,0.23,True,True,2970
CR00392,creator_392,Photography,micro,28112,5332,73,1202,52,4.35,0.169,False,False,2183
CR00393,creator_393,Business,micro,27542,6119,75,915,57,3.63,0.237,False,False,823
CR00394,creator_394,Music,mid,445051,60075,43,9435,337,2.69,0.009,False,False,3011
CR00395,creator_395,Pets,micro,50000,766,66,1656,113,4.68,0.277,False,True,3261
CR00396,creator_396,Travel,macro,896433,223470,76,9406,375,1.24,0.028,False,True,3503
CR00397,creator_397,Fashion,macro,574189,40771,61,7202,167,1.36,0.278,True,False,2879
CR00398,creator_398,Health,micro,17514,765,67,460,35,2.84,0.148,False,True,3663
CR00399,creator_399,Health,mid,272391,68638,76,7951,334,3.46,0.425,False,False,3209
CR00400,creator_400,Travel,mid,360888,29733,50,3411,70,1.05,0.184,False,False,3556
CR00401,creator_401,Parenting,nano,8020,371,68,250,12,3.55,0.197,False,False,3309
CR00402,creator_402,Food,macro,1000000,238222,45,16255,1262,1.92,0.295,True,True,2037
CR00403,creator_403,Beauty,micro,33070,681,38,1123,28,4.37,0.2,False,False,3409
CR00404,creator_404,Music,mid,193840,24925,44,2209,105,1.15,0.304,False,True,1099
CR00405,creator_405,Food,micro,38481,8566,74,762,48,2.7,0.051,False,False,1572
CR00406,creator_406,Business,macro,650247,107304,52,5516,318,1.0,0.049,False,True,2302
CR00407,creator_407,Fashion,micro,33722,8028,22,1624,52,4.83,0.403,False,False,1257
CR00408,creator_408,Photography,nano,7602,1717,51,380,27,6.35,0.063,False,True,3108
CR00409,creator_409,Beauty,macro,526798,100492,64,7219,394,1.87,0.225,True,True,2885
CR00410,creator_410,Fashion,nano,5695,997,28,383,12,7.87,0.26,False,False,2672
CR00411,creator_411,Health,micro,33085,2006,35,1215,44,4.55,0.13,False,False,574
CR00412,creator_412,Tech,mega,7824463,1773767,55,43929,1333,0.57,0.07,True,True,1837
CR00413,creator_413,Business,mega,8905563,967702,39,77686,3157,0.96,0.145,True,True,3019
CR00414,creator_414,Pets,micro,35496,2181,45,735,24,2.1,0.293,False,False,2862
CR00415,creator_415,Pets,mid,339598,16540,78,4089,306,1.35,0.238,False,False,2846
CR00416,creator_416,Gaming,micro,32614,6026,47,683,47,2.51,0.447,False,True,2868
CR00417,creator_417,Business,nano,6754,1535,48,453,22,7.33,0.169,False,False,1049
CR00418,creator_418,Parenting,micro,28112,5598,65,745,32,3.37,0.206,False,True,434
CR00419,creator_419,Pets,mid,312880,40803,47,6898,182,3.0,0.207,False,True,581
CR00420,creator_420,Photography,mid,276894,78579,53,4022,310,1.63,0.433,False,False,389
CR00421,creator_421,Lifestyle,mid,204651,42417,33,4310,185,2.32,0.12,False,True,3580
CR00422,creator_422,Art,mid,209876,27015,21,2145,106,1.3,0.017,False,True,2084
CR00423,creator_423,Parenting,nano,3532,431,59,259,16,7.87,0.174,False,True,530
CR00424,creator_424,Fitness,micro,50000,1590,66,870,37,2.28,0.577,False,True,3795
CR00425,creator_425,Business,nano,5358,1421,48,193,4,4.29,0.458,False,True,2157
CR00426,creator_426,Business,micro,44103,8480,31,1389,81,3.83,0.106,False,True,2768
CR00427,creator_427,Lifestyle,micro,34909,7727,67,940,21,2.79,0.448,False,True,3088
CR00428,creator_428,Beauty,macro,679031,12889,62,11400,911,1.74,0.114,True,True,2822
CR00429,creator_429,Gaming,micro,28245,6687,24,547,34,2.11,0.197,False,True,1826
CR00430,creator_430,Beauty,nano,6782,664,35,313,11,6.3,0.129,False,False,1637
CR00431,creator_431,Fashion,nano,4527,994,73,286,9,7.11,0.123,False,True,780
CR00432,creator_432,Business,mid,228188,54849,30,3353,232,1.58,0.472,True,True,1243
CR00433,creator_433,Fashion,mid,287291,61683,54,7039,439,3.36,0.392,False,False,2413
CR00434,creator_434,Travel,nano,9277,2017,78,345,26,4.79,0.104,False,True,1941
CR00435,creator_435,Gaming,nano,6632,1943,55,362,26,5.93,0.055,False,False,2208
CR00436,creator_436,Art,mid,382342,17732,23,4008,91,1.28,0.064,False,True,2010
CR00437,creator_437,Food,nano,3413,995,23,205,16,6.66,0.087,False,False,497
CR00438,creator_438,Business,mid,222517,52639,25,5529,324,2.73,0.368,False,True,2334
CR00439,creator_439,Pets,mid,326518,21710,49,8853,675,2.96,0.089,False,False,2772
CR00440,creator_440,Photography,nano,4987,345,74,149,3,4.2,0.162,False,True,1704
CR00441,creator_441,Parenting,nano,6220,522,78,194,11,3.6,0.106,False,True,1422
CR00442,creator_442,Art,mega,6582924,541571,67,74903,3774,1.4,0.205,True,True,2949
CR00443,creator_443,Business,micro,22997,4966,72,602,28,3.58,0.121,False,True,3321
CR00444,creator_444,Fitness,micro,43294,1730,79,1648,124,4.05,0.073,False,True,884
CR00445,creator_445,Gaming,mid,326107,16605,33,3067,124,1.03,0.151,False,True,3396
CR00446,creator_446,Art,macro,858098,55703,31,12542,756,1.51,0.238,False,False,3279
CR00447,creator_447,Food,mega,5596514,1656106,57,29501,946,0.74,0.157,True,False,687
CR00448,creator_448,Photography,mid,334691,15570,43,7755,241,3.17,0.232,False,False,1747
CR00449,creator_449,Food,micro,22032,3007,63,658,45,3.2,0.13,False,False,620
CR00450,creator_450,Photography,nano,6171,1606,44,314,21,6.81,0.294,False,True,3657
CR00451,creator_451,Fitness,mid,149380,22786,32,2202,89,1.97,0.047,False,True,1669
CR00452,creator_452,Fitness,micro,34045,3470,57,1552,96,4.87,0.077,False,False,2426
CR00453,creator_453,Fitness,micro,19483,3425,46,530,35,2.72,0.099,False,True,1842
CR00454,creator_454,Fashion,macro,848334,74922,72,11929,748,1.98,0.138,True,False,1157
CR00455,creator_455,Pets,nano,6511,1657,74,205,12,4.31,0.042,False,False,2123
CR00456,creator_456,Pets,micro,33645,7966,25,1036,39,3.6,0.183,False,True,3225
CR00457,creator_457,Health,nano,5742,289,59,431,10,7.66,0.228,False,False,671
CR00458,creator_458,Business,micro,20718,4341,43,432,17,2.84,0.112,False,True,2469
CR00459,creator_459,Tech,nano,3279,123,28,135,2,4.78,0.105,False,True,657
CR00460,creator_460,Art,nano,3607,876,57,184,12,5.71,0.185,False,True,1816
CR00461,creator_461,Tech,nano,4634,1281,28,168,5,3.84,0.16,False,True,2389
CR00462,creator_462,Beauty,mid,375264,37780,37,3887,235,1.44,0.045,True,True,2475
CR00463,creator_463,Parenting,mid,307382,3194,78,5301,341,1.77,0.134,False,False,3466
CR00464,creator_464,Gaming,micro,25088,961,42,628,26,3.35,0.169,True,True,749
CR00465,creator_465,Music,mega,5969394,1461935,66,39620,2424,0.85,0.313,True,False,2887
CR00466,creator_466,Business,micro,39960,2681,75,1319,65,3.81,0.096,False,True,3514
CR00467,creator_467,Fitness,nano,5260,149,71,233,5,5.39,0.072,False,True,1699
CR00468,creator_468,Art,macro,551133,99088,32,4392,326,0.97,0.11,True,True,465
CR00469,creator_469,Music,nano,6465,1535,39,199,11,3.12,0.689,False,False,1337
CR00470,creator_470,Art,mega,4645375,468452,54,55520,3885,1.31,0.401,False,True,2125
CR00471,creator_471,Parenting,nano,8646,807,26,294,12,4.07,0.409,False,True,891
CR00472,creator_472,Fitness,mega,5273066,1359602,63,31187,1948,0.6,0.146,True,True,2821
CR00473,creator_473,Food,nano,8808,1888,65,294,8,3.57,0.145,False,True,3098
CR00474,creator_474,Business,macro,747431,201646,42,11359,535,1.83,0.402,True,True,588
CR00475,creator_475,Art,micro,19851,3203,69,540,26,3.5,0.097,False,False,3635
CR00476,creator_476,Food,mega,7341636,227451,67,82375,3199,1.21,0.122,False,True,3639
CR00477,creator_477,Beauty,nano,6754,653,74,478,10,7.21,0.012,False,True,3118
CR00478,creator_478,Food,micro,36354,6418,32,1096,56,4.2,0.078,False,True,3174
CR00479,creator_479,Business,mega,6320835,1740313,32,48446,3634,0.95,0.338,True,False,2009
CR00480,creator_480,Lifestyle,micro,31887,4885,23,481,21,2.1,0.172,True,True,1588
CR00481,creator_481,Fitness,mid,219509,51653,48,6190,447,3.28,0.179,False,True,468
CR00482,creator_482,Art,mid,277668,50482,56,8188,182,3.44,0.1,False,True,2903
CR00483,creator_483,Business,micro,19924,1952,63,722,30,4.0,0.09,False,False,2763
CR00484,creator_484,Beauty,mid,251068,59663,23,3700,149,1.7,0.21,False,False,2007
CR00485,creator_485,Fashion,micro,30271,6627,73,1032,58,3.78,0.094,False,True,1239
CR00486,creator_486,Pets,macro,500000,143005,69,6235,477,1.53,0.174,False,True,3616
CR00487,creator_487,Beauty,nano,7347,855,76,488,25,7.66,0.081,False,True,633
CR00488,creator_488,Art,nano,5749,266,61,295,11,6.08,0.103,False,True,2822
CR00489,creator_489,Fashion,mega,5557226,790664,20,30743,1784,0.61,0.173,True,True,2250
CR00490,creator_490,Pets,macro,789253,193703,57,14055,1005,1.81,0.145,False,False,3796
CR00491,creator_491,Beauty,micro,18094,1954,62,389,19,2.76,0.172,False,True,1069
CR00492,creator_492,Fitness,mid,363618,51203,37,8233,378,2.56,0.262,False,False,1538
CR00493,creator_493,Fashion,nano,7851,1128,76,513,23,6.96,0.028,False,True,2474
CR00494,creator_494,Health,nano,6758,1908,20,303,22,5.01,0.184,False,True,2088
CR00495,creator_495,Beauty,micro,17780,2008,61,638,33,3.66,0.122,False,True,1198
CR00496,creator_496,Art,micro,30777,8637,24,580,44,2.56,0.096,False,True,1231
CR00497,creator_497,Art,micro,33006,385,39,864,49,2.81,0.175,False,True,1506
CR00498,creator_498,Gaming,nano,4554,317,66,175,12,3.91,0.63,False,True,3612
CR00499,creator_499,Food,mega,6824360,195535,41,73199,4541,1.43,0.341,True,True,2012
CR00500,creator_500,Music,mega,5786465,810257,75,57560,2988,1.13,0.108,True,True,3695
